chr,pos,ref,alt,sample
chr1,115258745,C,A,Patient_0277
chr12,112888169,A,G,Patient_0277
chr19,33793112,G,A,Patient_0298
chr7,148506474,C,A,Patient_0298
chr4,106196282,C,T,Patient_0573
chr4,106196835,C,T,Patient_0573
chr4,106196835,C,T,Patient_0574
chr17,58740887,C,A,Patient_1815
chr4,106158108,G,A,Patient_2056
chr4,106194031,G,A,Patient_2590
chr8,117864902,T,A,Patient_2662
chr20,31024287,G,A,Patient_2819
chr4,106164769,G,A,Patient_0247
chr7,148506443,C,T,Patient_0488
chr1,43814991,G,T,Patient_0531
chr2,25463313,G,T,Patient_0531
chr21,36206785,G,C,Patient_0672
chr2,25469494,G,T,Patient_0967
chr2,25467023,C,A,Patient_1230
chr19,33792425,C,A,Patient_1441
chr13,28592620,T,C,Patient_1589
chr12,112888210,G,C,Patient_2373
chr13,28592621,A,G,Patient_2373
chr11,119148990,T,C,Patient_2478
chr4,106155307,C,T,Patient_2570
chr2,198266513,G,C,Patient_0107
chr4,106156524,G,A,Patient_0186
chr7,148507447,G,C,Patient_0872
chr4,106180874,C,T,Patient_1618
